<?xml version="1.0" encoding="UTF-8"?>
<configuration>
    <appender name="Console" class="ch.qos.logback.core.ConsoleAppender">
        <encoder class="ch.qos.logback.core.encoder.LayoutWrappingEncoder">
            <layout class="ch.qos.logback.contrib.json.classic.JsonLayout">
                <jsonFormatter class="ch.qos.logback.contrib.jackson.JacksonJsonFormatter"/>
                <timestampFormat>yyyy-MM-dd'T'HH:mm:ss.SSSX</timestampFormat>
                <timestampFormatTimezoneId>Etc/UTC</timestampFormatTimezoneId>
                <appendLineSeparator>true</appendLineSeparator>
            </layout>
        </encoder>
    </appender>

    <!-- LOG everything at INFO level -->
    <root level="info">
        <appender-ref ref="Console"/>
    </root>
</configuration>